order_id,order_date,customer_name,region,product_category,product_sub-category,product_name,units_sold,unit_price,discount_(%),revenue,profit,cost_per_unit,year,month,quarter,month_name
ORD1000,13-04-23,Customer 82,North,Furniture,Bookcases,3-Shelf Bookcase,4,86.98,0,347.92,91.56,64.09,2023,4,2,April
ORD1001,15-12-23,Customer 70,North,Office Supplies,Storage,Filing Cabinet,1,64.97,0.05,61.7215,17.7415,43.98,2023,12,4,December
ORD1002,28-09-23,Customer 4,South,Office Supplies,Storage,Filing Cabinet,8,302.85,0,2422.8,567.92,231.86,2023,9,3,September
ORD1003,17-04-23,Customer 21,West,Technology,Copiers,All-in-One Copier,4,479.46,0.1,1726.056,698.536,256.88,2023,4,2,April
ORD1004,13-03-23,Customer 49,North,Technology,Copiers,Color Copier 3000,1,370.27,0.2,296.216,94.906,201.31,2023,3,1,March
ORD1005,08-07-23,Customer 49,North,Office Supplies,Art,Markers Set,10,112.3,0,1123,543.5,57.95,2023,7,3,July
ORD1006,21-01-23,Customer 30,East,Furniture,Tables,Oak Table,7,153.43,0.25,805.5075,-45.0625,121.51,2023,1,1,January
ORD1007,13-04-23,Customer 21,East,Technology,Accessories,USB Hub,2,312.38,0.05,593.522,164.342,214.59,2023,4,2,April
ORD1008,02-05-23,Customer 32,South,Technology,Machines,Laminator,9,125.42,0.1,1015.902,118.512,99.71,2023,5,2,May
ORD1009,03-08-23,Customer 100,North,Furniture,Chairs,Comfort Seat,7,148.52,0.05,987.658,135.548,121.73,2023,8,3,August
ORD1010,27-11-23,Customer 73,East,Furniture,Furnishings,Wall Art,8,88.58,0.05,673.208,257.688,51.94,2023,11,4,November
ORD1011,29-03-23,Customer 72,East,Office Supplies,Storage,Plastic Storage Box,6,125.27,0.05,714.039,204.219,84.97,2023,3,1,March
ORD1012,10-04-23,Customer 12,North,Furniture,Tables,Workstation Pro,3,400.2,0.15,1020.51,169.59,283.64,2023,4,2,April
ORD1013,26-12-23,Customer 50,West,Office Supplies,Storage,Plastic Storage Box,9,433.17,0,3898.53,1021.05,319.72,2023,12,4,December
ORD1014,01-06-23,Customer 15,East,Office Supplies,Art,Sketch Pad,5,228.69,0.15,971.9325,398.9325,114.6,2023,6,2,June
ORD1015,11-05-23,Customer 93,East,Office Supplies,Paper,Printer Paper,5,424,0.2,1696,184.15,302.37,2023,5,2,May
ORD1016,30-05-23,Customer 20,East,Furniture,Chairs,Executive Leather,6,254.53,0,1527.18,267,210.03,2023,5,2,May
ORD1017,05-11-23,Customer 40,South,Furniture,Tables,Workstation Pro,2,61.11,0.15,103.887,7.867,48.01,2023,11,4,November
ORD1018,15-09-23,Customer 98,South,Furniture,Furnishings,Desk Lamp,5,273.28,0.2,1093.12,207.57,177.11,2023,9,3,September
ORD1019,10-12-23,Customer 28,South,Office Supplies,Art,Markers Set,6,230.29,0.2,1105.392,196.152,151.54,2023,12,4,December
ORD1020,21-10-23,Customer 32,South,Furniture,Bookcases,3-Shelf Bookcase,10,285.88,0.2,2287.04,637.34,164.97,2023,10,4,October
ORD1021,11-07-23,Customer 10,North,Furniture,Chairs,ErgoChair X,6,54.01,0.05,307.857,114.237,32.27,2023,7,3,July
ORD1022,04-10-23,Customer 63,South,Office Supplies,Paper,Graph Paper,4,396.62,0.15,1348.508,449.548,224.74,2023,10,4,October
ORD1023,10-06-23,Customer 13,West,Technology,Machines,Laminator,8,434.64,0,3477.12,919.12,319.75,2023,6,2,June
ORD1024,10-11-23,Customer 83,North,Furniture,Furnishings,Wall Art,2,139.36,0.05,264.784,73.104,95.84,2023,11,4,November
ORD1025,22-01-23,Customer 18,West,Furniture,Bookcases,8-Cube Organizer,4,439.75,0,1759,606.68,288.08,2023,1,1,January
ORD1026,10-09-23,Customer 71,North,Furniture,Chairs,ErgoChair X,4,99.83,0.15,339.422,72.502,66.73,2023,9,3,September
ORD1027,24-08-23,Customer 52,North,Furniture,Furnishings,Desk Lamp,7,147.3,0.15,876.435,257.915,88.36,2023,8,3,August
ORD1028,11-12-23,Customer 90,West,Furniture,Tables,Glass Desk,4,484.98,0.2,1551.936,82.416,367.38,2023,12,4,December
ORD1029,18-02-23,Customer 8,East,Furniture,Chairs,Executive Leather,8,261.37,0.2,1672.768,512.048,145.09,2023,2,1,February
ORD1030,28-02-23,Customer 66,North,Furniture,Chairs,Executive Leather,2,344.1,0.05,653.79,212.43,220.68,2023,2,1,February
ORD1031,19-06-23,Customer 73,South,Office Supplies,Binders,Ring Binder,7,335.54,0.2,1879.024,274.834,229.17,2023,6,2,June
ORD1032,07-07-23,Customer 34,South,Office Supplies,Art,Sketch Pad,5,209.98,0.25,787.425,25.275,152.43,2023,7,3,July
ORD1033,28-09-23,Customer 59,East,Furniture,Chairs,Comfort Seat,10,499.26,0,4992.6,2368.3,262.43,2023,9,3,September
ORD1034,09-07-23,Customer 28,East,Furniture,Bookcases,3-Shelf Bookcase,4,197.37,0.05,750.006,234.206,128.95,2023,7,3,July
ORD1035,24-06-23,Customer 70,East,Office Supplies,Binders,Executive Binder,2,470.69,0.05,894.311,336.491,278.91,2023,6,2,June
ORD1036,20-02-23,Customer 14,South,Technology,Copiers,All-in-One Copier,6,117.73,0.25,529.785,-34.275,94.01,2023,2,1,February
ORD1037,30-12-23,Customer 65,West,Technology,Phones,SmartPhone A1,7,418.09,0,2926.63,1459.71,209.56,2023,12,4,December
ORD1038,24-02-23,Customer 99,South,Office Supplies,Art,Sketch Pad,8,284.81,0.15,1936.708,350.148,198.32,2023,2,1,February
ORD1039,01-09-23,Customer 15,North,Office Supplies,Paper,Printer Paper,6,299.6,0.05,1707.72,538.5,194.87,2023,9,3,September
ORD1040,16-11-23,Customer 6,East,Technology,Phones,Cordless Phone Z,4,347.39,0.25,1042.17,297.41,186.19,2023,11,4,November
ORD1041,11-05-23,Customer 100,West,Office Supplies,Paper,Printer Paper,3,488.58,0.05,1392.453,207.423,395.01,2023,5,2,May
ORD1042,03-11-23,Customer 4,South,Office Supplies,Art,Markers Set,4,148.07,0.25,444.21,125.65,79.64,2023,11,4,November
ORD1043,15-05-23,Customer 5,West,Furniture,Tables,Glass Desk,6,166.49,0.05,948.993,371.553,96.24,2023,5,2,May
ORD1044,21-01-23,Customer 85,South,Technology,Copiers,Color Copier 3000,2,484.11,0.1,871.398,268.298,301.55,2023,1,1,January
ORD1045,25-11-23,Customer 66,West,Office Supplies,Art,Sketch Pad,2,440.98,0.1,793.764,297.664,248.05,2023,11,4,November
ORD1046,16-06-23,Customer 34,North,Furniture,Furnishings,Wall Art,6,229.47,0.2,1101.456,357.336,124.02,2023,6,2,June
ORD1047,01-10-23,Customer 74,South,Technology,Phones,Cordless Phone Z,1,269.56,0.2,215.648,16.068,199.58,2023,10,4,October
ORD1048,30-03-23,Customer 95,South,Technology,Machines,Fax Machine,6,319.11,0.25,1435.995,-89.625,254.27,2023,3,1,March
ORD1049,12-11-23,Customer 93,East,Office Supplies,Art,Markers Set,6,213.15,0.1,1151.01,263.37,147.94,2023,11,4,November
ORD1050,14-01-23,Customer 25,West,Office Supplies,Storage,Filing Cabinet,10,293.17,0.15,2491.945,463.845,202.81,2023,1,1,January
ORD1051,30-08-23,Customer 1,East,Technology,Accessories,USB Hub,10,311.2,0.1,2800.8,738.3,206.25,2023,8,3,August
ORD1052,22-09-23,Customer 57,South,Office Supplies,Storage,Filing Cabinet,2,156.22,0.25,234.33,8.89,112.72,2023,9,3,September
ORD1053,12-12-23,Customer 43,North,Furniture,Bookcases,3-Shelf Bookcase,4,90.73,0,362.92,150.36,53.14,2023,12,4,December
ORD1054,22-02-23,Customer 61,North,Technology,Machines,Fax Machine,7,257.3,0.05,1711.045,717.465,141.94,2023,2,1,February
ORD1055,06-12-23,Customer 89,North,Furniture,Furnishings,Desk Lamp,3,405.97,0.25,913.4325,83.6925,276.58,2023,12,4,December
ORD1056,02-04-23,Customer 7,South,Furniture,Furnishings,Desk Lamp,8,340.44,0.2,2178.816,249.456,241.17,2023,4,2,April
ORD1057,21-09-23,Customer 97,West,Office Supplies,Storage,Plastic Storage Box,3,376.95,0.15,961.2225,217.6725,247.85,2023,9,3,September
ORD1058,04-02-23,Customer 97,South,Office Supplies,Art,Markers Set,4,151.81,0,607.24,151.96,113.82,2023,2,1,February
ORD1059,25-07-23,Customer 31,East,Technology,Copiers,All-in-One Copier,3,92.4,0.15,235.62,29.7,68.64,2023,7,3,July
ORD1060,22-03-23,Customer 91,South,Furniture,Furnishings,Wall Art,6,280.45,0.15,1430.295,552.255,146.34,2023,3,1,March
ORD1061,19-02-23,Customer 54,West,Office Supplies,Binders,Executive Binder,8,22.83,0.1,164.376,53.976,13.8,2023,2,1,February
ORD1062,26-12-23,Customer 50,West,Office Supplies,Paper,Graph Paper,4,151.01,0.15,513.434,205.274,77.04,2023,12,4,December
ORD1063,02-01-23,Customer 44,West,Office Supplies,Paper,Graph Paper,3,490.75,0.2,1177.8,427.77,250.01,2023,1,1,January
ORD1064,23-02-23,Customer 51,North,Furniture,Furnishings,Desk Lamp,8,107.23,0.1,772.056,229.336,67.84,2023,2,1,February
ORD1065,16-04-23,Customer 28,West,Technology,Copiers,Color Copier 3000,5,380.96,0.15,1619.08,498.48,224.12,2023,4,2,April
ORD1066,17-09-23,Customer 11,West,Furniture,Chairs,Comfort Seat,4,332.07,0.25,996.21,313.37,170.71,2023,9,3,September
ORD1067,06-11-23,Customer 4,South,Furniture,Chairs,Executive Leather,3,134.5,0.15,342.975,46.695,98.76,2023,11,4,November
ORD1068,10-07-23,Customer 73,South,Technology,Copiers,Color Copier 3000,3,310.83,0.25,699.3675,-1.3425,233.57,2023,7,3,July
ORD1069,06-08-23,Customer 100,South,Technology,Phones,SmartPhone A1,5,296.38,0.15,1259.615,312.915,189.34,2023,8,3,August
ORD1070,13-02-23,Customer 92,South,Furniture,Tables,Oak Table,5,428.14,0.2,1712.56,38.66,334.78,2023,2,1,February
ORD1071,11-06-23,Customer 73,North,Technology,Machines,Laminator,2,262.86,0.1,473.148,207.968,132.59,2023,6,2,June
ORD1072,21-07-23,Customer 54,West,Furniture,Furnishings,Wall Art,8,359.51,0.15,2444.668,829.308,201.92,2023,7,3,July
ORD1073,27-09-23,Customer 67,East,Office Supplies,Storage,Plastic Storage Box,7,416.35,0.2,2331.56,600.53,247.29,2023,9,3,September
ORD1074,17-12-23,Customer 32,North,Technology,Machines,Fax Machine,8,293.53,0.25,1761.18,275.58,185.7,2023,12,4,December
ORD1075,31-10-23,Customer 4,West,Technology,Accessories,USB Hub,4,190.32,0.1,685.152,213.832,117.83,2023,10,4,October
ORD1076,28-09-23,Customer 77,East,Office Supplies,Binders,Ring Binder,2,135.85,0.15,230.945,48.625,91.16,2023,9,3,September
ORD1077,03-08-23,Customer 98,South,Office Supplies,Storage,Plastic Storage Box,8,400.61,0,3204.88,1272.4,241.56,2023,8,3,August
ORD1078,09-09-23,Customer 52,South,Technology,Copiers,Color Copier 3000,9,274.84,0.15,2102.526,2.916,233.29,2023,9,3,September
ORD1079,09-07-23,Customer 71,East,Technology,Machines,Laminator,5,140.67,0,703.35,174.1,105.85,2023,7,3,July
ORD1080,23-10-23,Customer 41,North,Office Supplies,Paper,Printer Paper,4,374.53,0.1,1348.308,219.308,282.25,2023,10,4,October
ORD1081,01-08-23,Customer 98,East,Furniture,Tables,Glass Desk,4,193.22,0.1,695.592,305.312,97.57,2023,8,3,August
ORD1082,27-07-23,Customer 69,South,Technology,Phones,SmartPhone A1,9,160.23,0.05,1369.9665,326.9565,115.89,2023,7,3,July
ORD1083,25-08-23,Customer 97,West,Furniture,Chairs,Executive Leather,5,245.31,0.15,1042.5675,283.0175,151.91,2023,8,3,August
ORD1084,04-12-23,Customer 7,East,Technology,Phones,SmartPhone A1,7,256.04,0.2,1433.824,142.814,184.43,2023,12,4,December
ORD1085,22-02-23,Customer 7,South,Furniture,Bookcases,3-Shelf Bookcase,4,76.86,0.15,261.324,42.364,54.74,2023,2,1,February
ORD1086,07-10-23,Customer 80,South,Office Supplies,Storage,Plastic Storage Box,8,162.73,0.2,1041.472,-60.528,137.75,2023,10,4,October
ORD1087,05-08-23,Customer 40,North,Office Supplies,Binders,Ring Binder,4,147.03,0,588.12,261.72,81.6,2023,8,3,August
ORD1088,09-09-23,Customer 23,North,Furniture,Chairs,Comfort Seat,8,350.9,0.15,2386.12,696.36,211.22,2023,9,3,September
ORD1089,07-07-23,Customer 30,East,Office Supplies,Art,Markers Set,2,349.94,0.1,629.892,86.972,271.46,2023,7,3,July
ORD1090,10-02-23,Customer 81,South,Technology,Phones,SmartPhone A1,3,456.04,0.05,1299.714,581.454,239.42,2023,2,1,February
ORD1091,06-06-23,Customer 22,East,Office Supplies,Art,Markers Set,2,244.98,0.1,440.964,75.984,182.49,2023,6,2,June
ORD1092,15-01-23,Customer 35,West,Technology,Phones,SmartPhone A1,7,372.58,0.2,2086.448,553.868,218.94,2023,1,1,January
ORD1093,28-10-23,Customer 12,South,Office Supplies,Binders,Executive Binder,10,39.31,0.05,373.445,112.145,26.13,2023,10,4,October
ORD1094,06-03-23,Customer 84,West,Technology,Accessories,USB Hub,8,485.15,0.15,3299.02,885.74,301.66,2023,3,1,March
ORD1095,11-12-23,Customer 43,East,Office Supplies,Binders,Ring Binder,6,217.59,0.15,1109.709,325.269,130.74,2023,12,4,December
ORD1096,23-11-23,Customer 52,North,Technology,Phones,Cordless Phone Z,5,175.17,0.15,744.4725,41.4225,140.61,2023,11,4,November
ORD1097,09-01-23,Customer 1,West,Technology,Phones,SmartPhone A1,9,193.65,0.15,1481.4225,228.5325,139.21,2023,1,1,January
ORD1098,10-12-23,Customer 98,North,Furniture,Bookcases,3-Shelf Bookcase,5,230.3,0.25,863.625,92.525,154.22,2023,12,4,December
ORD1099,09-05-23,Customer 4,South,Office Supplies,Paper,Graph Paper,9,26.56,0.15,203.184,75.834,14.15,2023,5,2,May
ORD1100,16-05-23,Customer 15,West,Furniture,Tables,Glass Desk,5,264.26,0.1,1189.17,336.37,170.56,2023,5,2,May
ORD1101,04-03-23,Customer 62,West,Furniture,Furnishings,Desk Lamp,7,111.49,0.2,624.344,95.284,75.58,2023,3,1,March
ORD1102,19-05-23,Customer 18,North,Technology,Machines,Laminator,9,148.24,0,1334.16,535.05,88.79,2023,5,2,May
ORD1103,22-03-23,Customer 39,West,Furniture,Furnishings,Wall Art,6,179.57,0.2,861.936,180.996,113.49,2023,3,1,March
ORD1104,12-06-23,Customer 42,South,Office Supplies,Paper,Graph Paper,4,430.89,0.15,1465.026,576.906,222.03,2023,6,2,June
ORD1105,16-10-23,Customer 96,West,Office Supplies,Storage,Plastic Storage Box,3,257.76,0,773.28,352.47,140.27,2023,10,4,October
ORD1106,18-09-23,Customer 76,East,Furniture,Furnishings,Desk Lamp,9,457.01,0,4113.09,1016.55,344.06,2023,9,3,September
ORD1107,19-08-23,Customer 53,South,Furniture,Furnishings,Wall Art,6,319.16,0.15,1627.716,234.696,232.17,2023,8,3,August
ORD1108,10-02-23,Customer 43,West,Technology,Machines,Fax Machine,10,52.84,0.25,396.3,5.5,39.08,2023,2,1,February
ORD1109,28-01-23,Customer 37,South,Office Supplies,Binders,Executive Binder,2,384.98,0.25,577.47,-42.65,310.06,2023,1,1,January
ORD1110,15-05-23,Customer 57,South,Office Supplies,Art,Sketch Pad,1,175.7,0,175.7,69.81,105.89,2023,5,2,May
ORD1111,20-07-23,Customer 48,West,Furniture,Tables,Workstation Pro,7,291.65,0.05,1939.4725,797.2125,163.18,2023,7,3,July
ORD1112,24-11-23,Customer 11,West,Office Supplies,Paper,Graph Paper,10,88.7,0.15,753.95,112.45,64.15,2023,11,4,November
ORD1113,25-09-23,Customer 59,East,Office Supplies,Binders,Executive Binder,5,345.25,0.05,1639.9375,732.1875,181.55,2023,9,3,September
ORD1114,02-02-23,Customer 45,East,Office Supplies,Storage,Plastic Storage Box,8,425.75,0.05,3235.7,341.38,361.79,2023,2,1,February
ORD1115,17-02-23,Customer 62,North,Furniture,Furnishings,Wall Art,10,162.02,0.25,1215.15,237.65,97.75,2023,2,1,February
ORD1116,03-03-23,Customer 85,West,Technology,Phones,SmartPhone A1,10,377.68,0.1,3399.12,485.32,291.38,2023,3,1,March
ORD1117,04-08-23,Customer 30,East,Furniture,Tables,Workstation Pro,5,345.33,0.25,1294.9875,-32.1625,265.43,2023,8,3,August
ORD1118,20-10-23,Customer 88,South,Office Supplies,Binders,Ring Binder,5,398.53,0,1992.65,592.1,280.11,2023,10,4,October
ORD1119,09-04-23,Customer 94,South,Furniture,Bookcases,8-Cube Organizer,7,104.31,0.05,693.6615,127.5715,80.87,2023,4,2,April
ORD1120,21-06-23,Customer 47,East,Furniture,Bookcases,8-Cube Organizer,5,378.35,0.1,1702.575,224.225,295.67,2023,6,2,June
ORD1121,26-12-23,Customer 60,North,Furniture,Tables,Workstation Pro,7,484.29,0.2,2712.024,583.044,304.14,2023,12,4,December
ORD1122,02-08-23,Customer 51,North,Technology,Phones,Cordless Phone Z,6,342.96,0.25,1543.32,325.62,202.95,2023,8,3,August
ORD1123,04-02-23,Customer 49,East,Furniture,Tables,Glass Desk,1,317.38,0.2,253.904,58.774,195.13,2023,2,1,February
ORD1124,15-08-23,Customer 79,South,Office Supplies,Binders,Executive Binder,5,331.63,0,1658.15,747.95,182.04,2023,8,3,August
ORD1125,11-04-23,Customer 5,East,Technology,Phones,SmartPhone A1,4,445.88,0.05,1694.344,559.984,283.59,2023,4,2,April
ORD1126,11-05-23,Customer 48,West,Office Supplies,Paper,Graph Paper,2,420.17,0.2,672.272,132.072,270.1,2023,5,2,May
ORD1127,14-09-23,Customer 36,North,Office Supplies,Art,Sketch Pad,8,233.45,0.05,1774.22,281.26,186.62,2023,9,3,September
ORD1128,05-01-23,Customer 13,East,Office Supplies,Art,Sketch Pad,7,152.42,0,1066.94,179.06,126.84,2023,1,1,January
ORD1129,06-08-23,Customer 59,North,Office Supplies,Paper,Printer Paper,1,397.66,0.05,377.777,41.317,336.46,2023,8,3,August
ORD1130,12-09-23,Customer 73,South,Furniture,Tables,Workstation Pro,4,410.27,0.05,1559.026,549.786,252.31,2023,9,3,September
ORD1131,25-12-23,Customer 19,North,Technology,Accessories,Wireless Mouse,9,140.31,0.05,1199.6505,519.7005,75.55,2023,12,4,December
ORD1132,10-10-23,Customer 4,South,Furniture,Bookcases,3-Shelf Bookcase,10,175.41,0.05,1666.395,626.395,104,2023,10,4,October
ORD1133,26-07-23,Customer 17,West,Office Supplies,Binders,Ring Binder,8,235.17,0.1,1693.224,414.584,159.83,2023,7,3,July
ORD1134,15-01-23,Customer 14,West,Office Supplies,Paper,Printer Paper,9,164.78,0.25,1112.265,-129.645,137.99,2023,1,1,January
ORD1135,12-12-23,Customer 8,West,Technology,Machines,Fax Machine,8,361.95,0.15,2461.26,939.02,190.28,2023,12,4,December
ORD1136,11-02-23,Customer 11,East,Office Supplies,Paper,Printer Paper,3,152.01,0.25,342.0225,20.5725,107.15,2023,2,1,February
ORD1137,28-06-23,Customer 92,East,Technology,Copiers,Color Copier 3000,9,310.6,0,2795.4,621.72,241.52,2023,6,2,June
ORD1138,04-03-23,Customer 15,South,Technology,Machines,Fax Machine,7,182.69,0.15,1087.0055,269.1255,116.84,2023,3,1,March
ORD1139,18-12-23,Customer 94,North,Technology,Machines,Laminator,5,199.66,0.05,948.385,209.235,147.83,2023,12,4,December
ORD1140,19-08-23,Customer 61,North,Furniture,Chairs,ErgoChair X,7,66.35,0.25,348.3375,55.5275,41.83,2023,8,3,August
ORD1141,29-08-23,Customer 17,North,Office Supplies,Art,Sketch Pad,7,189.73,0.25,996.0825,-105.4375,157.36,2023,8,3,August
ORD1142,21-02-23,Customer 55,North,Technology,Copiers,Color Copier 3000,2,297.4,0.05,565.06,235.44,164.81,2023,2,1,February
ORD1143,06-04-23,Customer 62,South,Furniture,Bookcases,8-Cube Organizer,2,386.05,0.2,617.68,170.52,223.58,2023,4,2,April
ORD1144,10-08-23,Customer 55,North,Office Supplies,Art,Sketch Pad,3,151.17,0.1,408.159,35.139,124.34,2023,8,3,August
ORD1145,19-08-23,Customer 45,North,Furniture,Tables,Workstation Pro,7,53.4,0.25,280.35,10.64,38.53,2023,8,3,August
ORD1146,25-08-23,Customer 4,North,Office Supplies,Paper,Graph Paper,7,237.75,0.05,1581.0375,533.3475,149.67,2023,8,3,August
ORD1147,23-05-23,Customer 93,East,Office Supplies,Binders,Ring Binder,3,95.56,0.2,229.344,81.024,49.44,2023,5,2,May
ORD1148,20-06-23,Customer 11,East,Technology,Machines,Laminator,10,232.18,0.1,2089.62,753.52,133.61,2023,6,2,June
ORD1149,29-01-23,Customer 66,North,Technology,Machines,Fax Machine,5,345.54,0.2,1382.16,224.06,231.62,2023,1,1,January
ORD1150,05-02-23,Customer 86,East,Furniture,Tables,Glass Desk,10,46.3,0.05,439.85,159.55,28.03,2023,2,1,February
ORD1151,13-01-23,Customer 28,South,Technology,Copiers,Color Copier 3000,2,23.71,0.25,35.565,4.705,15.43,2023,1,1,January
ORD1152,09-06-23,Customer 17,West,Office Supplies,Paper,Graph Paper,2,210.59,0.25,315.885,99.065,108.41,2023,6,2,June
ORD1153,23-11-23,Customer 3,West,Furniture,Bookcases,8-Cube Organizer,10,214.12,0.25,1605.9,222.3,138.36,2023,11,4,November
ORD1154,06-07-23,Customer 15,West,Furniture,Bookcases,3-Shelf Bookcase,10,240.85,0.25,1806.375,-173.225,197.96,2023,7,3,July
ORD1155,31-08-23,Customer 12,West,Furniture,Tables,Glass Desk,10,212.22,0,2122.2,767.1,135.51,2023,8,3,August
ORD1156,27-03-23,Customer 40,East,Furniture,Bookcases,3-Shelf Bookcase,2,265.03,0,530.06,166.6,181.73,2023,3,1,March
ORD1157,11-10-23,Customer 25,East,Technology,Accessories,Wireless Mouse,2,90.29,0.05,171.551,70.291,50.63,2023,10,4,October
ORD1158,07-03-23,Customer 20,North,Furniture,Furnishings,Wall Art,10,384.74,0.15,3270.29,429.39,284.09,2023,3,1,March
ORD1159,19-06-23,Customer 73,East,Office Supplies,Art,Sketch Pad,8,52.78,0.15,358.904,54.504,38.05,2023,6,2,June
ORD1160,14-02-23,Customer 36,North,Technology,Phones,Cordless Phone Z,8,236.92,0,1895.36,703.04,149.04,2023,2,1,February
ORD1161,03-03-23,Customer 37,North,Office Supplies,Binders,Executive Binder,8,298.56,0.25,1791.36,-151.84,242.9,2023,3,1,March
ORD1162,14-05-23,Customer 58,South,Technology,Machines,Fax Machine,1,236.25,0.1,212.625,13.265,199.36,2023,5,2,May
ORD1163,11-10-23,Customer 11,South,Furniture,Tables,Workstation Pro,8,495.67,0.2,3172.288,464.128,338.52,2023,10,4,October
ORD1164,28-01-23,Customer 21,East,Technology,Copiers,Color Copier 3000,7,391.74,0.25,2056.635,111.685,277.85,2023,1,1,January
ORD1165,18-04-23,Customer 81,East,Furniture,Bookcases,3-Shelf Bookcase,9,345.62,0.1,2799.522,969.912,203.29,2023,4,2,April
ORD1166,13-02-23,Customer 85,South,Technology,Phones,SmartPhone A1,6,168.91,0.25,760.095,5.595,125.75,2023,2,1,February
ORD1167,06-12-23,Customer 51,South,Office Supplies,Binders,Executive Binder,9,200.81,0.1,1626.561,208.521,157.56,2023,12,4,December
ORD1168,13-10-23,Customer 86,North,Office Supplies,Storage,Plastic Storage Box,1,194.05,0.05,184.3475,22.7175,161.63,2023,10,4,October
ORD1169,27-11-23,Customer 44,West,Furniture,Tables,Oak Table,3,57.04,0,171.12,55.14,38.66,2023,11,4,November
ORD1170,08-05-23,Customer 70,North,Office Supplies,Art,Sketch Pad,10,200.83,0.05,1907.885,776.585,113.13,2023,5,2,May
ORD1171,14-12-23,Customer 89,South,Office Supplies,Storage,Filing Cabinet,7,194.86,0.25,1023.015,227.605,113.63,2023,12,4,December
ORD1172,19-08-23,Customer 57,East,Office Supplies,Storage,Filing Cabinet,9,134.8,0.15,1031.22,40.77,110.05,2023,8,3,August
ORD1173,09-07-23,Customer 25,East,Office Supplies,Storage,Plastic Storage Box,5,393.5,0.2,1574,227.05,269.39,2023,7,3,July
ORD1174,13-08-23,Customer 21,South,Office Supplies,Paper,Graph Paper,1,327.77,0.1,294.993,67.493,227.5,2023,8,3,August
ORD1175,10-10-23,Customer 14,North,Technology,Phones,SmartPhone A1,5,235.67,0.2,942.68,292.73,129.99,2023,10,4,October
ORD1176,01-05-23,Customer 56,North,Furniture,Furnishings,Wall Art,1,219.15,0.15,186.2775,38.1975,148.08,2023,5,2,May
ORD1177,26-04-23,Customer 31,West,Furniture,Bookcases,3-Shelf Bookcase,1,172.97,0,172.97,35.68,137.29,2023,4,2,April
ORD1178,21-08-23,Customer 84,East,Furniture,Tables,Oak Table,5,460.35,0.15,1956.4875,244.8375,342.33,2023,8,3,August
ORD1179,16-09-23,Customer 18,West,Technology,Phones,SmartPhone A1,1,142.84,0.05,135.698,36.838,98.86,2023,9,3,September
ORD1180,25-12-23,Customer 94,West,Furniture,Bookcases,3-Shelf Bookcase,5,78.49,0.05,372.8275,118.9275,50.78,2023,12,4,December
ORD1181,17-07-23,Customer 80,West,Furniture,Chairs,Comfort Seat,10,277.31,0.25,2079.825,193.025,188.68,2023,7,3,July
ORD1182,17-05-23,Customer 31,South,Technology,Machines,Fax Machine,10,189.35,0.2,1514.8,292,122.28,2023,5,2,May
ORD1183,14-11-23,Customer 86,North,Office Supplies,Art,Sketch Pad,9,281.16,0.2,2024.352,268.362,195.11,2023,11,4,November
ORD1184,14-06-23,Customer 50,West,Furniture,Furnishings,Wall Art,5,378.71,0.1,1704.195,234.845,293.87,2023,6,2,June
ORD1185,13-08-23,Customer 45,South,Office Supplies,Binders,Executive Binder,3,41.28,0.2,99.072,22.482,25.53,2023,8,3,August
ORD1186,03-11-23,Customer 83,South,Office Supplies,Storage,Plastic Storage Box,3,409.52,0,1228.56,306.39,307.39,2023,11,4,November
ORD1187,22-08-23,Customer 59,North,Technology,Accessories,Wireless Mouse,4,445.18,0.1,1602.648,130.568,368.02,2023,8,3,August
ORD1188,21-06-23,Customer 66,West,Office Supplies,Storage,Plastic Storage Box,1,381.58,0.05,362.501,133.501,229,2023,6,2,June
ORD1189,01-06-23,Customer 100,North,Office Supplies,Art,Markers Set,2,403.68,0.15,686.256,31.236,327.51,2023,6,2,June
ORD1190,11-11-23,Customer 96,West,Technology,Copiers,All-in-One Copier,8,352.19,0.1,2535.768,215.528,290.03,2023,11,4,November
ORD1191,09-06-23,Customer 67,East,Furniture,Furnishings,Desk Lamp,7,309.18,0.05,2056.047,560.707,213.62,2023,6,2,June
ORD1192,06-04-23,Customer 42,North,Furniture,Bookcases,8-Cube Organizer,5,234.04,0.25,877.65,118.05,151.92,2023,4,2,April
ORD1193,21-08-23,Customer 89,West,Technology,Machines,Fax Machine,6,315.13,0.15,1607.163,480.063,187.85,2023,8,3,August
ORD1194,29-06-23,Customer 8,North,Office Supplies,Storage,Plastic Storage Box,9,404.53,0.25,2730.5775,706.2975,224.92,2023,6,2,June
ORD1195,23-04-23,Customer 4,South,Office Supplies,Storage,Filing Cabinet,3,52.27,0.25,117.6075,19.0875,32.84,2023,4,2,April
ORD1196,14-11-23,Customer 50,North,Office Supplies,Paper,Graph Paper,6,198.57,0,1191.42,356.4,139.17,2023,11,4,November
ORD1197,21-02-23,Customer 68,East,Technology,Copiers,Color Copier 3000,4,481.05,0,1924.2,466.64,364.39,2023,2,1,February
ORD1198,25-09-23,Customer 64,West,Office Supplies,Binders,Executive Binder,5,357.94,0.05,1700.215,181.265,303.79,2023,9,3,September
ORD1199,22-10-23,Customer 37,West,Furniture,Chairs,ErgoChair X,2,236.98,0.25,355.47,44.65,155.41,2023,10,4,October
ORD1200,23-04-23,Customer 12,East,Office Supplies,Art,Sketch Pad,9,280.24,0.1,2269.944,257.364,223.62,2023,4,2,April
ORD1201,11-04-23,Customer 92,South,Technology,Accessories,Wireless Mouse,4,400.19,0.05,1520.722,277.522,310.8,2023,4,2,April
ORD1202,23-04-23,Customer 4,East,Office Supplies,Art,Markers Set,9,82.29,0,740.61,353.25,43.04,2023,4,2,April
ORD1203,22-03-23,Customer 51,West,Office Supplies,Storage,Plastic Storage Box,10,55.4,0.1,498.6,97.1,40.15,2023,3,1,March
ORD1204,06-07-23,Customer 58,West,Office Supplies,Art,Sketch Pad,9,327.1,0.05,2796.705,533.655,251.45,2023,7,3,July
ORD1205,23-04-23,Customer 17,West,Office Supplies,Binders,Ring Binder,9,93.45,0.05,798.9975,330.8175,52.02,2023,4,2,April
ORD1206,02-01-23,Customer 91,South,Technology,Copiers,All-in-One Copier,5,114.22,0.2,456.88,116.48,68.08,2023,1,1,January
ORD1207,10-05-23,Customer 81,East,Office Supplies,Binders,Ring Binder,10,471.97,0.05,4483.715,1841.015,264.27,2023,5,2,May
ORD1208,08-08-23,Customer 80,East,Office Supplies,Binders,Ring Binder,2,41.82,0.25,62.73,-1.67,32.2,2023,8,3,August
ORD1209,23-02-23,Customer 34,South,Office Supplies,Storage,Filing Cabinet,8,446.72,0.2,2859.008,709.808,268.65,2023,2,1,February
ORD1210,09-12-23,Customer 39,West,Furniture,Furnishings,Wall Art,8,55.03,0,440.24,195.76,30.56,2023,12,4,December
ORD1211,12-08-23,Customer 54,West,Technology,Accessories,USB Hub,10,88.96,0.25,667.2,123,54.42,2023,8,3,August
ORD1212,13-08-23,Customer 45,West,Furniture,Bookcases,3-Shelf Bookcase,6,136.03,0,816.18,331.68,80.75,2023,8,3,August
ORD1213,06-05-23,Customer 32,South,Furniture,Chairs,Comfort Seat,7,434.8,0.15,2587.06,800.8,255.18,2023,5,2,May
ORD1214,10-05-23,Customer 21,East,Office Supplies,Art,Sketch Pad,3,259.17,0.2,622.008,106.218,171.93,2023,5,2,May
ORD1215,22-02-23,Customer 40,West,Furniture,Chairs,Comfort Seat,9,239.47,0.05,2047.4685,807.5385,137.77,2023,2,1,February
ORD1216,21-06-23,Customer 46,North,Furniture,Bookcases,8-Cube Organizer,10,443.52,0.25,3326.4,64.8,326.16,2023,6,2,June
ORD1217,06-08-23,Customer 37,North,Furniture,Furnishings,Desk Lamp,5,369.2,0.15,1569.1,409.65,231.89,2023,8,3,August
ORD1218,09-06-23,Customer 52,North,Office Supplies,Paper,Graph Paper,9,158.53,0.15,1212.7545,247.5945,107.24,2023,6,2,June
ORD1219,17-07-23,Customer 98,East,Office Supplies,Binders,Ring Binder,2,209.07,0.1,376.326,85.626,145.35,2023,7,3,July
ORD1220,04-09-23,Customer 47,South,Furniture,Furnishings,Desk Lamp,1,38.68,0.25,29.01,5.16,23.85,2023,9,3,September
ORD1221,20-11-23,Customer 61,West,Furniture,Tables,Glass Desk,10,172.89,0.15,1469.565,5.665,146.39,2023,11,4,November
ORD1222,22-07-23,Customer 95,East,Office Supplies,Art,Markers Set,10,163.9,0,1639,608.2,103.08,2023,7,3,July
ORD1223,03-07-23,Customer 87,North,Technology,Copiers,All-in-One Copier,10,247.8,0.25,1858.5,-59.5,191.8,2023,7,3,July
ORD1224,03-05-23,Customer 100,South,Office Supplies,Binders,Executive Binder,3,271.63,0.25,611.1675,26.9775,194.73,2023,5,2,May
ORD1225,12-09-23,Customer 49,South,Office Supplies,Paper,Printer Paper,10,475.14,0,4751.4,2058.4,269.3,2023,9,3,September
ORD1226,21-10-23,Customer 57,East,Technology,Accessories,USB Hub,4,216.98,0.2,694.336,-19.264,178.4,2023,10,4,October
ORD1227,07-10-23,Customer 95,North,Office Supplies,Paper,Printer Paper,9,176.02,0.25,1188.135,130.815,117.48,2023,10,4,October
ORD1228,21-11-23,Customer 49,East,Furniture,Furnishings,Wall Art,9,190.06,0.25,1282.905,20.115,140.31,2023,11,4,November
ORD1229,08-04-23,Customer 89,East,Office Supplies,Storage,Filing Cabinet,4,153.92,0.1,554.112,197.832,89.07,2023,4,2,April
ORD1230,17-07-23,Customer 39,East,Office Supplies,Paper,Graph Paper,6,250.31,0.2,1201.488,-40.272,206.96,2023,7,3,July
ORD1231,28-08-23,Customer 93,East,Technology,Phones,Cordless Phone Z,7,412.82,0.05,2745.253,1006.593,248.38,2023,8,3,August
ORD1232,24-05-23,Customer 37,North,Technology,Machines,Laminator,8,122.71,0.2,785.344,201.344,73,2023,5,2,May
ORD1233,07-04-23,Customer 72,East,Furniture,Chairs,Executive Leather,10,134.86,0,1348.6,358.1,99.05,2023,4,2,April
ORD1234,20-07-23,Customer 68,South,Office Supplies,Paper,Printer Paper,2,218.38,0.25,327.57,36.97,145.3,2023,7,3,July
ORD1235,04-05-23,Customer 88,South,Furniture,Tables,Glass Desk,8,249.18,0.05,1893.768,369.608,190.52,2023,5,2,May
ORD1236,06-07-23,Customer 37,East,Technology,Phones,SmartPhone A1,10,131.47,0.25,986.025,-4.075,99.01,2023,7,3,July
ORD1237,22-11-23,Customer 5,South,Technology,Accessories,Wireless Mouse,7,398.22,0.05,2648.163,340.613,329.65,2023,11,4,November
ORD1238,15-12-23,Customer 38,North,Furniture,Bookcases,3-Shelf Bookcase,6,156.59,0.25,704.655,56.235,108.07,2023,12,4,December
ORD1239,16-09-23,Customer 64,South,Office Supplies,Storage,Plastic Storage Box,4,408.23,0.1,1469.628,560.308,227.33,2023,9,3,September
ORD1240,28-05-23,Customer 59,East,Office Supplies,Paper,Printer Paper,6,399.57,0.2,1917.936,153.336,294.1,2023,5,2,May
ORD1241,09-09-23,Customer 25,South,Office Supplies,Storage,Plastic Storage Box,9,177.4,0.15,1357.11,184.86,130.25,2023,9,3,September
ORD1242,12-12-23,Customer 24,South,Technology,Copiers,All-in-One Copier,1,145.18,0.05,137.921,42.631,95.29,2023,12,4,December
ORD1243,27-05-23,Customer 35,East,Technology,Phones,Cordless Phone Z,6,352.53,0,2115.18,563.22,258.66,2023,5,2,May
ORD1244,28-05-23,Customer 60,East,Furniture,Furnishings,Wall Art,2,326.58,0.1,587.844,177.244,205.3,2023,5,2,May
ORD1245,18-12-23,Customer 29,South,Furniture,Furnishings,Desk Lamp,8,378.91,0.2,2425.024,513.024,239,2023,12,4,December
ORD1246,18-07-23,Customer 90,West,Office Supplies,Paper,Printer Paper,10,439.1,0,4391,1387.9,300.31,2023,7,3,July
ORD1247,04-11-23,Customer 68,East,Furniture,Chairs,ErgoChair X,9,453.39,0.05,3876.4845,1018.2645,317.58,2023,11,4,November
ORD1248,08-05-23,Customer 20,South,Technology,Machines,Fax Machine,4,364.12,0.15,1238.008,463.408,193.65,2023,5,2,May
ORD1249,08-02-23,Customer 66,West,Furniture,Furnishings,Desk Lamp,9,219.4,0.2,1579.68,552.51,114.13,2023,2,1,February
ORD1250,04-12-23,Customer 60,East,Office Supplies,Binders,Executive Binder,5,411.9,0.25,1544.625,357.825,237.36,2023,12,4,December
ORD1251,26-12-23,Customer 10,North,Technology,Copiers,All-in-One Copier,9,497.18,0,4474.62,692.91,420.19,2023,12,4,December
ORD1252,09-05-23,Customer 61,North,Technology,Machines,Fax Machine,3,387.6,0.25,872.1,27.84,281.42,2023,5,2,May
ORD1253,24-09-23,Customer 54,East,Technology,Machines,Laminator,7,58.52,0.25,307.23,-22.96,47.17,2023,9,3,September
ORD1254,31-05-23,Customer 18,East,Furniture,Tables,Workstation Pro,7,273.84,0.25,1437.66,-177.38,230.72,2023,5,2,May
ORD1255,25-10-23,Customer 1,North,Technology,Machines,Laminator,9,202.05,0.05,1727.5275,660.7575,118.53,2023,10,4,October
ORD1256,09-04-23,Customer 45,South,Technology,Accessories,Wireless Mouse,1,408.55,0.15,347.2675,55.0675,292.2,2023,4,2,April
ORD1257,20-09-23,Customer 3,South,Furniture,Chairs,ErgoChair X,10,36.12,0.2,288.96,23.36,26.56,2023,9,3,September
ORD1258,09-09-23,Customer 7,South,Office Supplies,Binders,Executive Binder,8,132.48,0.05,1006.848,197.088,101.22,2023,9,3,September
ORD1259,24-05-23,Customer 100,North,Furniture,Bookcases,3-Shelf Bookcase,10,173.07,0.2,1384.56,51.26,133.33,2023,5,2,May
ORD1260,12-12-23,Customer 42,South,Technology,Accessories,Wireless Mouse,7,164.24,0,1149.68,350.84,114.12,2023,12,4,December
ORD1261,22-04-23,Customer 76,South,Office Supplies,Storage,Plastic Storage Box,1,486.7,0.25,365.025,7.315,357.71,2023,4,2,April
ORD1262,01-03-23,Customer 68,East,Office Supplies,Storage,Plastic Storage Box,3,163.95,0.05,467.2575,91.4475,125.27,2023,3,1,March
ORD1263,02-01-23,Customer 61,South,Furniture,Bookcases,3-Shelf Bookcase,8,459.08,0.2,2938.112,571.312,295.85,2023,1,1,January
ORD1264,31-10-23,Customer 54,South,Technology,Accessories,USB Hub,4,178.53,0,714.12,126.56,146.89,2023,10,4,October
ORD1265,11-09-23,Customer 48,North,Office Supplies,Paper,Printer Paper,5,201.04,0.2,804.16,89.46,142.94,2023,9,3,September
ORD1266,20-05-23,Customer 10,South,Office Supplies,Paper,Graph Paper,4,437.35,0.1,1574.46,514.14,265.08,2023,5,2,May
ORD1267,06-02-23,Customer 2,South,Furniture,Chairs,Executive Leather,8,458.93,0.25,2753.58,141.18,326.55,2023,2,1,February
ORD1268,09-06-23,Customer 27,West,Furniture,Bookcases,8-Cube Organizer,7,243.8,0.25,1279.95,212.03,152.56,2023,6,2,June
ORD1269,09-01-23,Customer 34,East,Office Supplies,Storage,Plastic Storage Box,2,405.35,0.25,608.025,69.465,269.28,2023,1,1,January
ORD1270,21-08-23,Customer 41,South,Technology,Copiers,Color Copier 3000,1,290.01,0.05,275.5095,55.2695,220.24,2023,8,3,August
ORD1271,09-04-23,Customer 3,East,Office Supplies,Storage,Plastic Storage Box,3,114.17,0.05,325.3845,108.6045,72.26,2023,4,2,April
ORD1272,27-05-23,Customer 32,West,Office Supplies,Art,Markers Set,8,483.92,0.25,2903.52,-34.32,367.23,2023,5,2,May
ORD1273,31-10-23,Customer 59,South,Office Supplies,Art,Sketch Pad,3,365.75,0.15,932.6625,313.3425,206.44,2023,10,4,October
ORD1274,27-07-23,Customer 70,North,Office Supplies,Binders,Ring Binder,1,386.88,0.15,328.848,116.788,212.06,2023,7,3,July
ORD1275,11-05-23,Customer 81,South,Furniture,Tables,Oak Table,4,262.75,0.1,945.9,398.18,136.93,2023,5,2,May
ORD1276,01-06-23,Customer 82,West,Office Supplies,Storage,Filing Cabinet,1,275.46,0.15,234.141,95.271,138.87,2023,6,2,June
ORD1277,23-02-23,Customer 68,East,Office Supplies,Art,Sketch Pad,9,410.32,0.25,2769.66,366.66,267,2023,2,1,February
ORD1278,30-04-23,Customer 23,North,Furniture,Tables,Oak Table,4,317.49,0.1,1142.964,145.644,249.33,2023,4,2,April
ORD1279,10-06-23,Customer 35,West,Furniture,Bookcases,8-Cube Organizer,8,291.2,0.25,1747.2,398.24,168.62,2023,6,2,June
ORD1280,26-04-23,Customer 88,North,Office Supplies,Binders,Ring Binder,7,202.05,0.2,1131.48,188.65,134.69,2023,4,2,April
ORD1281,16-03-23,Customer 82,North,Office Supplies,Paper,Printer Paper,8,425.76,0.25,2554.56,-83.52,329.76,2023,3,1,March
ORD1282,23-04-23,Customer 73,North,Office Supplies,Binders,Ring Binder,4,452.61,0.25,1357.83,-109.81,366.91,2023,4,2,April
ORD1283,14-04-23,Customer 61,East,Furniture,Chairs,Executive Leather,5,451.67,0.2,1806.68,157.33,329.87,2023,4,2,April
ORD1284,06-12-23,Customer 23,East,Furniture,Tables,Workstation Pro,3,381.08,0.25,857.43,-42.66,300.03,2023,12,4,December
ORD1285,11-09-23,Customer 10,East,Furniture,Tables,Workstation Pro,7,344.98,0.2,1931.888,444.108,212.54,2023,9,3,September
ORD1286,15-08-23,Customer 97,South,Office Supplies,Binders,Executive Binder,1,66.89,0.05,63.5455,10.4655,53.08,2023,8,3,August
ORD1287,22-04-23,Customer 44,West,Technology,Phones,Cordless Phone Z,8,255.49,0.1,1839.528,421.928,177.2,2023,4,2,April
ORD1288,09-04-23,Customer 49,West,Furniture,Furnishings,Desk Lamp,10,161.78,0.05,1536.91,324.21,121.27,2023,4,2,April
ORD1289,02-06-23,Customer 11,East,Furniture,Furnishings,Desk Lamp,7,172.01,0,1204.07,563.5,91.51,2023,6,2,June
ORD1290,15-12-23,Customer 40,West,Technology,Copiers,All-in-One Copier,3,61.9,0.15,157.845,35.835,40.67,2023,12,4,December
ORD1291,04-12-23,Customer 72,West,Furniture,Chairs,ErgoChair X,6,286.03,0.2,1372.944,155.604,202.89,2023,12,4,December
ORD1292,13-07-23,Customer 42,West,Furniture,Bookcases,8-Cube Organizer,7,394,0.25,2068.5,-180.39,321.27,2023,7,3,July
ORD1293,06-11-23,Customer 32,South,Office Supplies,Storage,Filing Cabinet,3,149.08,0.1,402.516,101.706,100.27,2023,11,4,November
ORD1294,12-06-23,Customer 9,South,Technology,Copiers,Color Copier 3000,5,252.43,0,1262.15,471.55,158.12,2023,6,2,June
ORD1295,27-07-23,Customer 32,West,Office Supplies,Paper,Graph Paper,2,85.03,0,170.06,28.56,70.75,2023,7,3,July
ORD1296,18-06-23,Customer 43,West,Technology,Machines,Laminator,7,411.43,0.25,2160.0075,-261.9925,346,2023,6,2,June
ORD1297,10-06-23,Customer 18,East,Technology,Accessories,USB Hub,6,105.27,0.15,536.877,6.897,88.33,2023,6,2,June
ORD1298,09-03-23,Customer 38,West,Office Supplies,Paper,Graph Paper,7,154.54,0.15,919.513,240.443,97.01,2023,3,1,March
ORD1299,16-10-23,Customer 73,South,Office Supplies,Paper,Printer Paper,8,472.63,0.05,3591.988,1121.268,308.84,2023,10,4,October
